<metadata xml:lang="en"><Esri><CreaDate>20251017</CreaDate><CreaTime>17314500</CreaTime><ArcGISFormat>1.0</ArcGISFormat><SyncOnce>FALSE</SyncOnce><DataProperties><itemProps><itemName Sync="TRUE">Security_Room</itemName><imsContentType Sync="TRUE">002</imsContentType><itemSize Sync="TRUE">0.000</itemSize><itemLocation><linkage Sync="TRUE">file://\\DESKTOP-2O3IQ72\D\Projects\20.2025_MLS_Road_Survey_DIAL\0_Delivery\Topomap_GDB\SHP\Buildings\Security_Room.shp</linkage><protocol Sync="TRUE">Local Area Network</protocol></itemLocation></itemProps><lineage><Process ToolSource="c:\program files (x86)\arcgis\desktop10.6\ArcToolbox\Toolboxes\Conversion Tools.tbx\FeatureClassToFeatureClass" Date="20251017" Time="173147">FeatureClassToFeatureClass "D:\1.Sampath\01_Projects\14.2025_MLS_Road_Survey_DIAL\2.Working\From Vendor\2.Part-2\20251015_Topomap_Part-2\1.DGN\Delhi_Road_Tile_Intex_PArt_2_Delivery.dwg\Polygon" "D:\1.Sampath\01_Projects\14.2025_MLS_Road_Survey_DIAL\2.Working\From Vendor\2.Part-2\20251015_Topomap_Part-2\2.Shapefile\Polygon" Polygon.shp # "Entity "Entity" true true false 16 Text 0 0 ,First,#,D:\1.Sampath\01_Projects\14.2025_MLS_Road_Survey_DIAL\2.Working\From Vendor\2.Part-2\20251015_Topomap_Part-2\1.DGN\Delhi_Road_Tile_Intex_PArt_2_Delivery.dwg\Polygon,Entity,-1,-1;Handle "Handle" true true false 16 Text 0 0 ,First,#,D:\1.Sampath\01_Projects\14.2025_MLS_Road_Survey_DIAL\2.Working\From Vendor\2.Part-2\20251015_Topomap_Part-2\1.DGN\Delhi_Road_Tile_Intex_PArt_2_Delivery.dwg\Polygon,Handle,-1,-1;Layer "Layer" true true false 255 Text 0 0 ,First,#,D:\1.Sampath\01_Projects\14.2025_MLS_Road_Survey_DIAL\2.Working\From Vendor\2.Part-2\20251015_Topomap_Part-2\1.DGN\Delhi_Road_Tile_Intex_PArt_2_Delivery.dwg\Polygon,Layer,-1,-1;LyrFrzn "LyrFrzn" true true false 2 Short 0 0 ,First,#,D:\1.Sampath\01_Projects\14.2025_MLS_Road_Survey_DIAL\2.Working\From Vendor\2.Part-2\20251015_Topomap_Part-2\1.DGN\Delhi_Road_Tile_Intex_PArt_2_Delivery.dwg\Polygon,LyrFrzn,-1,-1;LyrLock "LyrLock" true true false 2 Short 0 0 ,First,#,D:\1.Sampath\01_Projects\14.2025_MLS_Road_Survey_DIAL\2.Working\From Vendor\2.Part-2\20251015_Topomap_Part-2\1.DGN\Delhi_Road_Tile_Intex_PArt_2_Delivery.dwg\Polygon,LyrLock,-1,-1;LyrOn "LyrOn" true true false 2 Short 0 0 ,First,#,D:\1.Sampath\01_Projects\14.2025_MLS_Road_Survey_DIAL\2.Working\From Vendor\2.Part-2\20251015_Topomap_Part-2\1.DGN\Delhi_Road_Tile_Intex_PArt_2_Delivery.dwg\Polygon,LyrOn,-1,-1;LyrVPFrzn "LyrVPFrzn" true true false 2 Short 0 0 ,First,#,D:\1.Sampath\01_Projects\14.2025_MLS_Road_Survey_DIAL\2.Working\From Vendor\2.Part-2\20251015_Topomap_Part-2\1.DGN\Delhi_Road_Tile_Intex_PArt_2_Delivery.dwg\Polygon,LyrVPFrzn,-1,-1;LyrHandle "LyrHandle" true true false 16 Text 0 0 ,First,#,D:\1.Sampath\01_Projects\14.2025_MLS_Road_Survey_DIAL\2.Working\From Vendor\2.Part-2\20251015_Topomap_Part-2\1.DGN\Delhi_Road_Tile_Intex_PArt_2_Delivery.dwg\Polygon,LyrHandle,-1,-1;Color "Color" true true false 2 Short 0 0 ,First,#,D:\1.Sampath\01_Projects\14.2025_MLS_Road_Survey_DIAL\2.Working\From Vendor\2.Part-2\20251015_Topomap_Part-2\1.DGN\Delhi_Road_Tile_Intex_PArt_2_Delivery.dwg\Polygon,Color,-1,-1;EntColor "EntColor" true true false 2 Short 0 0 ,First,#,D:\1.Sampath\01_Projects\14.2025_MLS_Road_Survey_DIAL\2.Working\From Vendor\2.Part-2\20251015_Topomap_Part-2\1.DGN\Delhi_Road_Tile_Intex_PArt_2_Delivery.dwg\Polygon,EntColor,-1,-1;LyrColor "LyrColor" true true false 2 Short 0 0 ,First,#,D:\1.Sampath\01_Projects\14.2025_MLS_Road_Survey_DIAL\2.Working\From Vendor\2.Part-2\20251015_Topomap_Part-2\1.DGN\Delhi_Road_Tile_Intex_PArt_2_Delivery.dwg\Polygon,LyrColor,-1,-1;BlkColor "BlkColor" true true false 2 Short 0 0 ,First,#,D:\1.Sampath\01_Projects\14.2025_MLS_Road_Survey_DIAL\2.Working\From Vendor\2.Part-2\20251015_Topomap_Part-2\1.DGN\Delhi_Road_Tile_Intex_PArt_2_Delivery.dwg\Polygon,BlkColor,-1,-1;Linetype "Linetype" true true false 255 Text 0 0 ,First,#,D:\1.Sampath\01_Projects\14.2025_MLS_Road_Survey_DIAL\2.Working\From Vendor\2.Part-2\20251015_Topomap_Part-2\1.DGN\Delhi_Road_Tile_Intex_PArt_2_Delivery.dwg\Polygon,Linetype,-1,-1;EntLinetyp "EntLinetyp" true true false 255 Text 0 0 ,First,#,D:\1.Sampath\01_Projects\14.2025_MLS_Road_Survey_DIAL\2.Working\From Vendor\2.Part-2\20251015_Topomap_Part-2\1.DGN\Delhi_Road_Tile_Intex_PArt_2_Delivery.dwg\Polygon,EntLinetype,-1,-1;LyrLnType "LyrLnType" true true false 255 Text 0 0 ,First,#,D:\1.Sampath\01_Projects\14.2025_MLS_Road_Survey_DIAL\2.Working\From Vendor\2.Part-2\20251015_Topomap_Part-2\1.DGN\Delhi_Road_Tile_Intex_PArt_2_Delivery.dwg\Polygon,LyrLnType,-1,-1;BlkLinetyp "BlkLinetyp" true true false 255 Text 0 0 ,First,#,D:\1.Sampath\01_Projects\14.2025_MLS_Road_Survey_DIAL\2.Working\From Vendor\2.Part-2\20251015_Topomap_Part-2\1.DGN\Delhi_Road_Tile_Intex_PArt_2_Delivery.dwg\Polygon,BlkLinetype,-1,-1;Elevation "Elevation" true true false 8 Double 0 0 ,First,#,D:\1.Sampath\01_Projects\14.2025_MLS_Road_Survey_DIAL\2.Working\From Vendor\2.Part-2\20251015_Topomap_Part-2\1.DGN\Delhi_Road_Tile_Intex_PArt_2_Delivery.dwg\Polygon,Elevation,-1,-1;Thickness "Thickness" true true false 8 Double 0 0 ,First,#,D:\1.Sampath\01_Projects\14.2025_MLS_Road_Survey_DIAL\2.Working\From Vendor\2.Part-2\20251015_Topomap_Part-2\1.DGN\Delhi_Road_Tile_Intex_PArt_2_Delivery.dwg\Polygon,Thickness,-1,-1;LineWt "LineWt" true true false 2 Short 0 0 ,First,#,D:\1.Sampath\01_Projects\14.2025_MLS_Road_Survey_DIAL\2.Working\From Vendor\2.Part-2\20251015_Topomap_Part-2\1.DGN\Delhi_Road_Tile_Intex_PArt_2_Delivery.dwg\Polygon,LineWt,-1,-1;EntLineWt "EntLineWt" true true false 2 Short 0 0 ,First,#,D:\1.Sampath\01_Projects\14.2025_MLS_Road_Survey_DIAL\2.Working\From Vendor\2.Part-2\20251015_Topomap_Part-2\1.DGN\Delhi_Road_Tile_Intex_PArt_2_Delivery.dwg\Polygon,EntLineWt,-1,-1;LyrLineWt "LyrLineWt" true true false 2 Short 0 0 ,First,#,D:\1.Sampath\01_Projects\14.2025_MLS_Road_Survey_DIAL\2.Working\From Vendor\2.Part-2\20251015_Topomap_Part-2\1.DGN\Delhi_Road_Tile_Intex_PArt_2_Delivery.dwg\Polygon,LyrLineWt,-1,-1;BlkLineWt "BlkLineWt" true true false 2 Short 0 0 ,First,#,D:\1.Sampath\01_Projects\14.2025_MLS_Road_Survey_DIAL\2.Working\From Vendor\2.Part-2\20251015_Topomap_Part-2\1.DGN\Delhi_Road_Tile_Intex_PArt_2_Delivery.dwg\Polygon,BlkLineWt,-1,-1;RefName "RefName" true true false 255 Text 0 0 ,First,#,D:\1.Sampath\01_Projects\14.2025_MLS_Road_Survey_DIAL\2.Working\From Vendor\2.Part-2\20251015_Topomap_Part-2\1.DGN\Delhi_Road_Tile_Intex_PArt_2_Delivery.dwg\Polygon,RefName,-1,-1;LTScale "LTScale" true true false 8 Double 0 0 ,First,#,D:\1.Sampath\01_Projects\14.2025_MLS_Road_Survey_DIAL\2.Working\From Vendor\2.Part-2\20251015_Topomap_Part-2\1.DGN\Delhi_Road_Tile_Intex_PArt_2_Delivery.dwg\Polygon,LTScale,-1,-1;ExtX "ExtX" true true false 8 Double 0 0 ,First,#,D:\1.Sampath\01_Projects\14.2025_MLS_Road_Survey_DIAL\2.Working\From Vendor\2.Part-2\20251015_Topomap_Part-2\1.DGN\Delhi_Road_Tile_Intex_PArt_2_Delivery.dwg\Polygon,ExtX,-1,-1;ExtY "ExtY" true true false 8 Double 0 0 ,First,#,D:\1.Sampath\01_Projects\14.2025_MLS_Road_Survey_DIAL\2.Working\From Vendor\2.Part-2\20251015_Topomap_Part-2\1.DGN\Delhi_Road_Tile_Intex_PArt_2_Delivery.dwg\Polygon,ExtY,-1,-1;ExtZ "ExtZ" true true false 8 Double 0 0 ,First,#,D:\1.Sampath\01_Projects\14.2025_MLS_Road_Survey_DIAL\2.Working\From Vendor\2.Part-2\20251015_Topomap_Part-2\1.DGN\Delhi_Road_Tile_Intex_PArt_2_Delivery.dwg\Polygon,ExtZ,-1,-1;DocName "DocName" true true false 255 Text 0 0 ,First,#,D:\1.Sampath\01_Projects\14.2025_MLS_Road_Survey_DIAL\2.Working\From Vendor\2.Part-2\20251015_Topomap_Part-2\1.DGN\Delhi_Road_Tile_Intex_PArt_2_Delivery.dwg\Polygon,DocName,-1,-1;DocPath "DocPath" true true false 4096 Text 0 0 ,First,#,D:\1.Sampath\01_Projects\14.2025_MLS_Road_Survey_DIAL\2.Working\From Vendor\2.Part-2\20251015_Topomap_Part-2\1.DGN\Delhi_Road_Tile_Intex_PArt_2_Delivery.dwg\Polygon,DocPath,-1,-1;DocType "DocType" true true false 32 Text 0 0 ,First,#,D:\1.Sampath\01_Projects\14.2025_MLS_Road_Survey_DIAL\2.Working\From Vendor\2.Part-2\20251015_Topomap_Part-2\1.DGN\Delhi_Road_Tile_Intex_PArt_2_Delivery.dwg\Polygon,DocType,-1,-1;DocVer "DocVer" true true false 16 Text 0 0 ,First,#,D:\1.Sampath\01_Projects\14.2025_MLS_Road_Survey_DIAL\2.Working\From Vendor\2.Part-2\20251015_Topomap_Part-2\1.DGN\Delhi_Road_Tile_Intex_PArt_2_Delivery.dwg\Polygon,DocVer,-1,-1" #</Process><Process ToolSource="c:\program files (x86)\arcgis\desktop10.6\ArcToolbox\Toolboxes\Data Management Tools.tbx\DeleteField" Date="20251017" Time="173343">DeleteField "D:\1.Sampath\01_Projects\14.2025_MLS_Road_Survey_DIAL\2.Working\From Vendor\2.Part-2\20251015_Topomap_Part-2\2.Shapefile\Polygon\Polygon.shp" Entity;Handle;LyrFrzn;LyrLock;LyrOn;LyrVPFrzn;LyrHandle;Color;EntColor;LyrColor;BlkColor;Linetype;EntLinetyp;LyrLnType;BlkLinetyp;Elevation;Thickness;LineWt;EntLineWt;LyrLineWt;BlkLineWt;RefName;LTScale;ExtX;ExtY;ExtZ;DocName;DocPath;DocType;DocVer</Process><Process ToolSource="c:\program files (x86)\arcgis\desktop10.6\ArcToolbox\Toolboxes\Analysis Tools.tbx\Select" Date="20251017" Time="173934">Select Polygon "D:\1.Sampath\01_Projects\14.2025_MLS_Road_Survey_DIAL\2.Working\From Vendor\2.Part-2\20251015_Topomap_Part-2\2.Shapefile\Polygon\Layerwise\Security_Room.shp" " "Layer" = 'Security Room' "</Process><Process ToolSource="c:\program files (x86)\arcgis\desktop10.6\ArcToolbox\Toolboxes\Data Management Tools.tbx\CopyFeatures" Date="20251024" Time="180041">CopyFeatures E:\Final\Layerwise\Buildings\Security_Room.shp E:\Final\Part-1,2\DIAL_Part1_V2.gdb\Buildings\Security_Room # 0 0 0</Process><Process ToolSource="c:\program files (x86)\arcgis\desktop10.6\ArcToolbox\Toolboxes\Data Management Tools.tbx\CopyFeatures" Date="20251024" Time="182508">CopyFeatures E:\Final\Part-1,2\DIAL_Part_1_2.gdb\Buildings\Security_Room E:\Final\Part-1,2\Shapefile\Security_Room.shp # 0 0 0</Process><Process ToolSource="c:\program files (x86)\arcgis\desktop10.6\ArcToolbox\Toolboxes\Data Management Tools.tbx\CopyFeatures" Date="20251029" Time="180642">CopyFeatures E:\Final\Delhi_Road_Final\Shapefile\Buildings\Security_Room.shp E:\Final\Delhi_Road_Final\Delhi_Road.gdb\Buildings\Security_Room # 0 0 0</Process><Process ToolSource="c:\program files (x86)\arcgis\desktop10.6\ArcToolbox\Toolboxes\Data Management Tools.tbx\CopyFeatures" Date="20251104" Time="131133">CopyFeatures d:\Projects\20.2025_MLS_Road_Survey_DIAL\0_Delivery\Topomap_GDB\Delhi_Road.gdb\Buildings\Security_Room d:\Projects\20.2025_MLS_Road_Survey_DIAL\0_Delivery\Topomap_GDB\SHP\Buildings\Security_Room.shp # 0 0 0</Process></lineage><coordRef><type Sync="TRUE">Projected</type><geogcsn Sync="TRUE">GCS_WGS_1984</geogcsn><csUnits Sync="TRUE">Linear Unit: Meter (1.000000)</csUnits><projcsn Sync="TRUE">WGS_1984_UTM_Zone_43N</projcsn><peXml Sync="TRUE">&lt;ProjectedCoordinateSystem xsi:type='typens:ProjectedCoordinateSystem' xmlns:xsi='http://www.w3.org/2001/XMLSchema-instance' xmlns:xs='http://www.w3.org/2001/XMLSchema' xmlns:typens='http://www.esri.com/schemas/ArcGIS/10.6'&gt;&lt;WKT&gt;PROJCS[&amp;quot;WGS_1984_UTM_Zone_43N&amp;quot;,GEOGCS[&amp;quot;GCS_WGS_1984&amp;quot;,DATUM[&amp;quot;D_WGS_1984&amp;quot;,SPHEROID[&amp;quot;WGS_1984&amp;quot;,6378137.0,298.257223563]],PRIMEM[&amp;quot;Greenwich&amp;quot;,0.0],UNIT[&amp;quot;Degree&amp;quot;,0.0174532925199433]],PROJECTION[&amp;quot;Transverse_Mercator&amp;quot;],PARAMETER[&amp;quot;False_Easting&amp;quot;,500000.0],PARAMETER[&amp;quot;False_Northing&amp;quot;,0.0],PARAMETER[&amp;quot;Central_Meridian&amp;quot;,75.0],PARAMETER[&amp;quot;Scale_Factor&amp;quot;,0.9996],PARAMETER[&amp;quot;Latitude_Of_Origin&amp;quot;,0.0],UNIT[&amp;quot;Meter&amp;quot;,1.0],AUTHORITY[&amp;quot;EPSG&amp;quot;,32643]]&lt;/WKT&gt;&lt;XOrigin&gt;-5120900&lt;/XOrigin&gt;&lt;YOrigin&gt;-9998100&lt;/YOrigin&gt;&lt;XYScale&gt;450445547.3910538&lt;/XYScale&gt;&lt;ZOrigin&gt;-100000&lt;/ZOrigin&gt;&lt;ZScale&gt;10000&lt;/ZScale&gt;&lt;MOrigin&gt;-100000&lt;/MOrigin&gt;&lt;MScale&gt;10000&lt;/MScale&gt;&lt;XYTolerance&gt;0.001&lt;/XYTolerance&gt;&lt;ZTolerance&gt;0.001&lt;/ZTolerance&gt;&lt;MTolerance&gt;0.001&lt;/MTolerance&gt;&lt;HighPrecision&gt;true&lt;/HighPrecision&gt;&lt;WKID&gt;32643&lt;/WKID&gt;&lt;LatestWKID&gt;32643&lt;/LatestWKID&gt;&lt;/ProjectedCoordinateSystem&gt;</peXml></coordRef></DataProperties><SyncDate>20251104</SyncDate><SyncTime>13113300</SyncTime><ModDate>20251104</ModDate><ModTime>13113300</ModTime></Esri><dataIdInfo><envirDesc Sync="TRUE"> Version 6.2 (Build 9200) ; Esri ArcGIS 10.6.1.9270</envirDesc><dataLang><languageCode value="eng" Sync="TRUE"></languageCode><countryCode value="USA" Sync="TRUE"></countryCode></dataLang><idCitation><resTitle Sync="TRUE">Security_Room</resTitle><presForm><PresFormCd value="005" Sync="TRUE"></PresFormCd></presForm></idCitation><spatRpType><SpatRepTypCd value="001" Sync="TRUE"></SpatRepTypCd></spatRpType></dataIdInfo><mdLang><languageCode value="eng" Sync="TRUE"></languageCode><countryCode value="USA" Sync="TRUE"></countryCode></mdLang><mdChar><CharSetCd value="004" Sync="TRUE"></CharSetCd></mdChar><distInfo><distFormat><formatName Sync="TRUE">Shapefile</formatName></distFormat><distTranOps><transSize Sync="TRUE">0.000</transSize></distTranOps></distInfo><mdHrLv><ScopeCd value="005" Sync="TRUE"></ScopeCd></mdHrLv><mdHrLvName Sync="TRUE">dataset</mdHrLvName><spatRepInfo><VectSpatRep><geometObjs Name="Security_Room"><geoObjTyp><GeoObjTypCd value="002" Sync="TRUE"></GeoObjTypCd></geoObjTyp><geoObjCnt Sync="TRUE">0</geoObjCnt></geometObjs><topLvl><TopoLevCd value="001" Sync="TRUE"></TopoLevCd></topLvl></VectSpatRep></spatRepInfo><spdoinfo><ptvctinf><esriterm Name="Security_Room"><efeatyp Sync="TRUE">Simple</efeatyp><efeageom code="4" Sync="TRUE"></efeageom><esritopo Sync="TRUE">FALSE</esritopo><efeacnt Sync="TRUE">0</efeacnt><spindex Sync="TRUE">FALSE</spindex><linrefer Sync="TRUE">TRUE</linrefer></esriterm></ptvctinf></spdoinfo><eainfo><detailed Name="Security_Room"><enttyp><enttypl Sync="TRUE">Security_Room</enttypl><enttypt Sync="TRUE">Feature Class</enttypt><enttypc Sync="TRUE">0</enttypc></enttyp><attr><attrlabl Sync="TRUE">FID</attrlabl><attalias Sync="TRUE">FID</attalias><attrtype Sync="TRUE">OID</attrtype><attwidth Sync="TRUE">4</attwidth><atprecis Sync="TRUE">0</atprecis><attscale Sync="TRUE">0</attscale><attrdef Sync="TRUE">Internal feature number.</attrdef><attrdefs Sync="TRUE">Esri</attrdefs><attrdomv><udom Sync="TRUE">Sequential unique whole numbers that are automatically generated.</udom></attrdomv></attr><attr><attrlabl Sync="TRUE">Shape</attrlabl><attalias Sync="TRUE">Shape</attalias><attrtype Sync="TRUE">Geometry</attrtype><attwidth Sync="TRUE">0</attwidth><atprecis Sync="TRUE">0</atprecis><attscale Sync="TRUE">0</attscale><attrdef Sync="TRUE">Feature geometry.</attrdef><attrdefs Sync="TRUE">Esri</attrdefs><attrdomv><udom Sync="TRUE">Coordinates defining the features.</udom></attrdomv></attr><attr><attrlabl Sync="TRUE">Layer</attrlabl><attalias Sync="TRUE">Layer</attalias><attrtype Sync="TRUE">String</attrtype><attwidth Sync="TRUE">254</attwidth><atprecis Sync="TRUE">0</atprecis><attscale Sync="TRUE">0</attscale></attr><attr><attrlabl Sync="TRUE">Area</attrlabl><attalias Sync="TRUE">Area</attalias><attrtype Sync="TRUE">Double</attrtype><attwidth Sync="TRUE">19</attwidth><atprecis Sync="TRUE">0</atprecis><attscale Sync="TRUE">0</attscale></attr><attr><attrlabl Sync="TRUE">Shape_Leng</attrlabl><attalias Sync="TRUE">Shape_Leng</attalias><attrtype Sync="TRUE">Double</attrtype><attwidth Sync="TRUE">19</attwidth><atprecis Sync="TRUE">0</atprecis><attscale Sync="TRUE">0</attscale></attr><attr><attrlabl Sync="TRUE">Shape_Le_1</attrlabl><attalias Sync="TRUE">Shape_Le_1</attalias><attrtype Sync="TRUE">Double</attrtype><attwidth Sync="TRUE">19</attwidth><atprecis Sync="TRUE">0</atprecis><attscale Sync="TRUE">0</attscale></attr><attr><attrlabl Sync="TRUE">Shape_Area</attrlabl><attalias Sync="TRUE">Shape_Area</attalias><attrtype Sync="TRUE">Double</attrtype><attwidth Sync="TRUE">19</attwidth><atprecis Sync="TRUE">0</atprecis><attscale Sync="TRUE">0</attscale><attrdef Sync="TRUE">Area of feature in internal units squared.</attrdef><attrdefs Sync="TRUE">Esri</attrdefs><attrdomv><udom Sync="TRUE">Positive real numbers that are automatically generated.</udom></attrdomv></attr></detailed></eainfo><mdDateSt Sync="TRUE">20251104</mdDateSt><refSysInfo><RefSystem><refSysID><identCode code="32643" Sync="TRUE"></identCode><idCodeSpace Sync="TRUE">EPSG</idCodeSpace><idVersion Sync="TRUE">2.1(3.0.1)</idVersion></refSysID></RefSystem></refSysInfo></metadata>
